{
	"experience_per_level": {
		"type": "values",
		"data": {
			"values": [
				250,
				250,
				250,
				250,
				250,
				250,
				250,
				250,
				250,
				250,
				500,
				500,
				500,
				500,
				500,
				500,
				500,
				500,
				500,
				500,
				750
			]
		}
	},
	"sources": [
		{
			"type": "puffish_skills:mine_block",
			"data": {
				"variables": {
					"silk_touch": {
						"operations": [
							{
								"type": "get_tool_item_stack"
							},
							{
								"type": "puffish_skills:test",
								"data": {
									"nbt": "{Enchantments:[{id:\"minecraft:silk_touch\"}]}"
								}
							}
						]
					},
					"stone_like": {
						"operations": [
							{
								"type": "get_mined_block_state"
							},
							{
								"type": "puffish_skills:test",
								"data": {
									"block": "#base_stone_overworld"
								}
							}
						]
					},
					"deepslate": {
						"operations": [
							{
								"type": "get_mined_block_state"
							},
							{
								"type": "puffish_skills:test",
								"data": {
									"block": "deepslate"
								}
							}
						]
					},
					"coal_ore": {
						"operations": [
							{
								"type": "get_mined_block_state"
							},
							{
								"type": "puffish_skills:test",
								"data": {
									"block": "coal_ore"
								}
							}
						]
					},
					"copper_ore": {
						"operations": [
							{
								"type": "get_mined_block_state"
							},
							{
								"type": "puffish_skills:test",
								"data": {
									"block": "copper_ore"
								}
							}
						]
					},
					"iron_ore": {
						"operations": [
							{
								"type": "get_mined_block_state"
							},
							{
								"type": "puffish_skills:test",
								"data": {
									"block": "iron_ore"
								}
							}
						]
					},
					"gold_ore": {
						"operations": [
							{
								"type": "get_mined_block_state"
							},
							{
								"type": "puffish_skills:test",
								"data": {
									"block": "gold_ore"
								}
							}
						]
					},
					"redstone_ore": {
						"operations": [
							{
								"type": "get_mined_block_state"
							},
							{
								"type": "puffish_skills:test",
								"data": {
									"block": "redstone_ore"
								}
							}
						]
					},
					"lapis_ore": {
						"operations": [
							{
								"type": "get_mined_block_state"
							},
							{
								"type": "puffish_skills:test",
								"data": {
									"block": "lapis_ore"
								}
							}
						]
					},
					"diamond_ore": {
						"operations": [
							{
								"type": "get_mined_block_state"
							},
							{
								"type": "puffish_skills:test",
								"data": {
									"block": "diamond_ore"
								}
							}
						]
					},
					"emerald_ore": {
						"operations": [
							{
								"type": "get_mined_block_state"
							},
							{
								"type": "puffish_skills:test",
								"data": {
									"block": "emerald_ore"
								}
							}
						]
					},
					"deepslate_coal_ore": {
						"operations": [
							{
								"type": "get_mined_block_state"
							},
							{
								"type": "puffish_skills:test",
								"data": {
									"block": "deepslate_coal_ore"
								}
							}
						]
					},
					"deepslate_copper_ore": {
						"operations": [
							{
								"type": "get_mined_block_state"
							},
							{
								"type": "puffish_skills:test",
								"data": {
									"block": "deepslate_copper_ore"
								}
							}
						]
					},
					"deepslate_iron_ore": {
						"operations": [
							{
								"type": "get_mined_block_state"
							},
							{
								"type": "puffish_skills:test",
								"data": {
									"block": "deepslate_iron_ore"
								}
							}
						]
					},
					"deepslate_gold_ore": {
						"operations": [
							{
								"type": "get_mined_block_state"
							},
							{
								"type": "puffish_skills:test",
								"data": {
									"block": "deepslate_gold_ore"
								}
							}
						]
					},
					"deepslate_redstone_ore": {
						"operations": [
							{
								"type": "get_mined_block_state"
							},
							{
								"type": "puffish_skills:test",
								"data": {
									"block": "deepslate_redstone_ore"
								}
							}
						]
					},
					"deepslate_lapis_ore": {
						"operations": [
							{
								"type": "get_mined_block_state"
							},
							{
								"type": "puffish_skills:test",
								"data": {
									"block": "deepslate_lapis_ore"
								}
							}
						]
					},
					"deepslate_diamond_ore": {
						"operations": [
							{
								"type": "get_mined_block_state"
							},
							{
								"type": "puffish_skills:test",
								"data": {
									"block": "deepslate_diamond_ore"
								}
							}
						]
					},
					"deepslate_emerald_ore": {
						"operations": [
							{
								"type": "get_mined_block_state"
							},
							{
								"type": "puffish_skills:test",
								"data": {
									"block": "deepslate_emerald_ore"
								}
							}
						]
					}
				},
				"experience": [
					{
						"condition": "!silk_touch & stone_like",
						"expression": "1"
					},
					{
						"condition": "!silk_touch & deepslate",
						"expression": "2"
					},
					{
						"condition": "!silk_touch & (coal_ore | copper_ore | iron_ore | gold_ore | redstone_ore | lapis_ore | diamond_ore | emerald_ore)",
						"expression": "10"
					},
					{
						"condition": "!silk_touch & (deepslate_coal_ore | deepslate_copper_ore | deepslate_iron_ore | deepslate_gold_ore | deepslate_redstone_ore | deepslate_lapis_ore | deepslate_diamond_ore | deepslate_emerald_ore)",
						"expression": "12"
					}
				]
			}
		}
	]
}
