[
  {
    "//comment": "This predicate returns false if the current position may be affected by a piston in the north direction",
    "condition": "minecraft:inverted",
    "term": {
      "condition": "minecraft:reference",
      "name": "dynamiclights:world/place_light/piston_deep_search/north/2"
    }
  },
  {
    "condition": "minecraft:inverted",
    "term": {
      "condition": "minecraft:reference",
      "name": "dynamiclights:world/place_light/piston_deep_search/north/3"
    }
  },
  {
    "condition": "minecraft:inverted",
    "term": {
      "condition": "minecraft:reference",
      "name": "dynamiclights:world/place_light/piston_deep_search/north/extend"
    }
  },
  {
    "condition": "minecraft:inverted",
    "term": {
      "condition": "minecraft:location_check",
      "offsetZ": -1,
      "offsetY": 1,
      "predicate": {
        "block": {
          "blocks": "#dynamiclights:extends_piston"
        }
      }
    }
  },
  {
    "condition": "minecraft:inverted",
    "term": {
      "condition": "minecraft:location_check",
      "offsetZ": -1,
      "offsetY": -1,
      "predicate": {
        "block": {
          "blocks": "#dynamiclights:extends_piston"
        }
      }
    }
  }
]
