{
  "replace": false,
  "values": [
    {"id": "minecraft:copper_lantern", "required": false},
    {"id": "minecraft:waxed_copper_lantern", "required": false},
    {"id": "minecraft:exposed_copper_lantern", "required": false},
    {"id": "minecraft:waxed_exposed_copper_lantern", "required": false},
    {"id": "minecraft:weathered_copper_lantern", "required": false},
    {"id": "minecraft:waxed_weathered_copper_lantern", "required": false},
    {"id": "minecraft:oxidized_copper_lantern", "required": false},
    {"id": "minecraft:waxed_oxidized_copper_lantern", "required": false}
  ]
}
